{
	"folders": {},
	"connections": {
		"mysql8-184a84da0fe-3ef3ea9ddda43085": {
			"provider": "mysql",
			"driver": "mysql8",
			"name": "java",
			"save-password": true,
			"configuration": {
				"host": "localhost",
				"port": "3306",
				"database": "java",
				"url": "jdbc:mysql://localhost:3306/java",
				"home": "C:\\Program Files\\MySQL\\MySQL Server 5.7",
				"type": "dev",
				"auth-model": "native",
				"handlers": {}
			}
		}
	},
	"connection-types": {
		"dev": {
			"name": "Development",
			"color": "255,255,255",
			"description": "Regular development database",
			"auto-commit": true,
			"confirm-execute": false,
			"confirm-data-change": false,
			"auto-close-transactions": false
		}
	}
}