{
	"folders": {
		"mysql": {},
		"Oracle": {}
	},
	"connections": {
		"mysql8-184ac8e2c28-1ba468cc931b8968": {
			"provider": "mysql",
			"driver": "mysql8",
			"name": "java",
			"save-password": true,
			"folder": "mysql",
			"configuration": {
				"host": "localhost",
				"port": "3306",
				"database": "java",
				"url": "jdbc:mysql://localhost:3306/java",
				"home": "C:\\Program Files\\MySQL\\MySQL Server 5.7",
				"type": "dev",
				"auth-model": "native"
			}
		},
		"oracle_thin-184bc9e98ad-1658485708896f05": {
			"provider": "oracle",
			"driver": "oracle_thin",
			"name": "localhost",
			"save-password": true,
			"folder": "Oracle",
			"configuration": {
				"host": "localhost",
				"port": "1521",
				"database": "XE",
				"url": "jdbc:oracle:thin:@//localhost:1521/XE",
				"home": "C:\\oraclexe\\app\\oracle\\product\\11.2.0\\server",
				"type": "dev",
				"provider-properties": {
					"show-only-one-schema@": "false",
					"@dbeaver-check-schema-content@": "false",
					"@dbeaver-always-show-dba@": "false",
					"@dbeaver-always-use-dba-views@": "false",
					"@dbeaver-meta-use-sys-schema@": "false",
					"@dbeaver-meta-use-simple-constraints@": "false",
					"@dbeaver-use-rule-hint@": "false",
					"@dbeaver-use-meta-optimizer@": "true",
					"@dbeaver-meta-use-alternative-table-query@": "false",
					"oracle.meta-search-in-synonyms": "false",
					"oracle.show-date-as-date": "false",
					"@dbeaver-connection-type@": "BASIC",
					"@dbeaver-sid-service@": "SERVICE"
				},
				"auth-model": "oracle_native",
				"handlers": {}
			}
		}
	},
	"connection-types": {
		"dev": {
			"name": "Development",
			"color": "255,255,255",
			"description": "Regular development database",
			"auto-commit": true,
			"confirm-execute": false,
			"confirm-data-change": false,
			"auto-close-transactions": false
		}
	}
}